function,seed,div_ev,bank_ev,base_best_f,var_best_f,base_succ_ev,var_succ_ev,same
F01-Sphere,0,-1,1619,0.0,0.0,1363,1363,True
F01-Sphere,1,-1,907,0.0,0.0,717,717,True
F01-Sphere,2,-1,836,0.0,0.0,596,596,True
F01-Sphere,3,-1,1641,0.0,0.0,656,656,True
F01-Sphere,4,-1,1368,0.0,0.0,616,616,True
F01-Sphere,5,-1,976,0.0,0.0,737,737,True
F01-Sphere,6,-1,886,0.0,0.0,681,681,True
F01-Sphere,7,-1,816,0.0,0.0,667,667,True
F01-Sphere,8,-1,966,0.0,0.0,652,652,True
F01-Sphere,9,-1,1189,0.0,0.0,566,566,True
F01-Sphere,10,-1,929,0.0,0.0,706,706,True
F01-Sphere,11,-1,897,0.0,0.0,651,651,True
F01-Sphere,12,-1,906,0.0,0.0,616,616,True
F01-Sphere,13,-1,922,0.0,0.0,567,567,True
F01-Sphere,14,-1,1012,0.0,0.0,642,642,True
F01-Sphere,15,-1,893,0.0,0.0,536,536,True
F01-Sphere,16,-1,971,0.0,0.0,672,672,True
F01-Sphere,17,-1,1006,0.0,0.0,652,652,True
F01-Sphere,18,-1,812,0.0,0.0,572,572,True
F01-Sphere,19,-1,1041,0.0,0.0,651,651,True
F02-EllipsoidalSep,0,-1,1423,0.0,0.0,978,978,True
F02-EllipsoidalSep,1,-1,1394,0.0,0.0,929,929,True
F02-EllipsoidalSep,2,-1,1464,0.0,0.0,958,958,True
F02-EllipsoidalSep,3,-1,1333,0.0,0.0,819,819,True
F02-EllipsoidalSep,4,-1,1318,0.0,0.0,983,983,True
F02-EllipsoidalSep,5,-1,1199,0.0,0.0,944,944,True
F02-EllipsoidalSep,6,-1,1324,0.0,0.0,942,942,True
F02-EllipsoidalSep,7,-1,1443,0.0,0.0,978,978,True
F02-EllipsoidalSep,8,-1,1329,0.0,0.0,927,927,True
F02-EllipsoidalSep,9,-1,1399,0.0,0.0,938,938,True
F02-EllipsoidalSep,10,-1,1434,0.0,0.0,914,914,True
F02-EllipsoidalSep,11,-1,1428,0.0,0.0,1003,1003,True
F02-EllipsoidalSep,12,-1,1354,0.0,0.0,1014,1014,True
F02-EllipsoidalSep,13,-1,1489,0.0,0.0,1017,1017,True
F02-EllipsoidalSep,14,-1,1294,0.0,0.0,1126,1126,True
F02-EllipsoidalSep,15,-1,1568,0.0,0.0,974,974,True
F02-EllipsoidalSep,16,-1,1259,0.0,0.0,844,844,True
F02-EllipsoidalSep,17,-1,1448,0.0,0.0,1088,1088,True
F02-EllipsoidalSep,18,-1,1469,0.0,0.0,958,958,True
F02-EllipsoidalSep,19,-1,1504,0.0,0.0,988,988,True
F03-RastriginSep,0,-1,1638,0.0,0.0,1415,1415,True
F03-RastriginSep,1,-1,1517,0.0,0.0,1243,1243,True
F03-RastriginSep,2,-1,1759,0.0,0.0,1584,1584,True
F03-RastriginSep,3,-1,1987,0.0,0.0,1704,1704,True
F03-RastriginSep,4,-1,1198,0.0,0.0,1014,1014,True
F03-RastriginSep,5,-1,2296,5.684341886080802e-14,5.684341886080802e-14,2021,2021,True
F03-RastriginSep,6,-1,1303,0.0,0.0,792,792,True
F03-RastriginSep,7,-1,1243,0.0,0.0,1022,1022,True
F03-RastriginSep,8,-1,1797,0.0,0.0,1423,1423,True
F03-RastriginSep,9,-1,1653,0.0,0.0,1407,1407,True
F03-RastriginSep,10,-1,1248,0.0,0.0,872,872,True
F03-RastriginSep,11,-1,1718,0.0,0.0,1451,1451,True
F03-RastriginSep,12,-1,1229,0.0,0.0,934,934,True
F03-RastriginSep,13,-1,2142,0.0,0.0,1911,1911,True
F03-RastriginSep,14,-1,2178,0.0,0.0,954,954,True
F03-RastriginSep,15,-1,1178,0.0,0.0,929,929,True
F03-RastriginSep,16,-1,1213,0.0,0.0,894,894,True
F03-RastriginSep,17,-1,2226,0.0,0.0,2006,2006,True
F03-RastriginSep,18,-1,2418,0.0,0.0,1719,1719,True
F03-RastriginSep,19,-1,2386,0.0,0.0,2131,2131,True
F04-BucheRastrigin,0,-1,3797,0.0,0.0,3570,3570,True
F04-BucheRastrigin,1,-1,2443,0.0,0.0,2232,2232,True
F04-BucheRastrigin,2,-1,2592,0.0,0.0,2247,2247,True
F04-BucheRastrigin,3,-1,3972,0.0,0.0,3602,3602,True
F04-BucheRastrigin,4,-1,2982,0.0,0.0,2572,2572,True
F04-BucheRastrigin,5,-1,3462,0.0,0.0,3155,3155,True
F04-BucheRastrigin,6,-1,2721,0.0,0.0,2512,2512,True
F04-BucheRastrigin,7,-1,3776,9.250554171558178e-07,9.250554171558178e-07,-1,-1,True
F04-BucheRastrigin,8,-1,1853,0.0,0.0,1338,1338,True
F04-BucheRastrigin,9,-1,1768,0.0,0.0,1313,1313,True
F04-BucheRastrigin,10,-1,3116,0.0,0.0,2761,2761,True
F04-BucheRastrigin,11,-1,3302,0.0,0.0,2837,2837,True
F04-BucheRastrigin,12,-1,3771,0.0,0.0,3522,3522,True
F04-BucheRastrigin,13,-1,2246,1.1368683772161603e-13,1.1368683772161603e-13,1959,1959,True
F04-BucheRastrigin,14,-1,4822,0.0,0.0,4512,4512,True
F04-BucheRastrigin,15,-1,1828,0.0,0.0,1469,1469,True
F04-BucheRastrigin,16,-1,2886,0.0,0.0,2402,2402,True
F04-BucheRastrigin,17,-1,2262,0.0,0.0,2002,2002,True
F04-BucheRastrigin,18,-1,2887,0.0,0.0,2682,2682,True
F04-BucheRastrigin,19,-1,4307,0.0,0.0,3991,3991,True
F05-LinearSlope,0,-1,222,0.0,0.0,222,222,True
F05-LinearSlope,1,-1,151,0.0,0.0,151,151,True
F05-LinearSlope,2,-1,407,0.0,0.0,407,407,True
F05-LinearSlope,3,-1,396,0.0,0.0,396,396,True
F05-LinearSlope,4,-1,746,0.0,0.0,746,746,True
F05-LinearSlope,5,-1,341,0.0,0.0,341,341,True
F05-LinearSlope,6,-1,296,0.0,0.0,296,296,True
F05-LinearSlope,7,-1,421,0.0,0.0,421,421,True
F05-LinearSlope,8,-1,342,0.0,0.0,342,342,True
F05-LinearSlope,9,-1,332,0.0,0.0,332,332,True
F05-LinearSlope,10,-1,466,0.0,0.0,466,466,True
F05-LinearSlope,11,-1,620,0.0,0.0,620,620,True
F05-LinearSlope,12,-1,297,0.0,0.0,297,297,True
F05-LinearSlope,13,-1,415,0.0,0.0,415,415,True
F05-LinearSlope,14,-1,336,0.0,0.0,336,336,True
F05-LinearSlope,15,-1,331,0.0,0.0,331,331,True
F05-LinearSlope,16,-1,638,0.0,0.0,638,638,True
F05-LinearSlope,17,-1,220,0.0,0.0,220,220,True
F05-LinearSlope,18,-1,990,0.0,0.0,990,990,True
F05-LinearSlope,19,-1,272,0.0,0.0,272,272,True
F06-AttractiveSector,0,-1,2349,0.0,0.0,1648,1648,True
F06-AttractiveSector,1,-1,1589,2.842170943040401e-14,2.842170943040401e-14,1084,1084,True
F06-AttractiveSector,2,-1,1942,4.3341344735381426e-08,4.3341344735381426e-08,-1,-1,True
F06-AttractiveSector,3,-1,2899,7.105427357601002e-15,7.105427357601002e-15,2431,2431,True
F06-AttractiveSector,4,-1,2544,1.4210854715202004e-14,1.4210854715202004e-14,2083,2083,True
F06-AttractiveSector,5,-1,3278,1.4210854715202004e-14,1.4210854715202004e-14,2843,2843,True
F06-AttractiveSector,6,-1,3023,0.0,0.0,1910,1910,True
F06-AttractiveSector,7,-1,2133,0.0,0.0,1673,1673,True
F06-AttractiveSector,8,-1,2373,0.0,0.0,1913,1913,True
F06-AttractiveSector,9,-1,4163,0.0,0.0,2067,2067,True
F06-AttractiveSector,10,-1,1778,0.0,0.0,1526,1526,True
F06-AttractiveSector,11,-1,1564,7.105427357601002e-15,7.105427357601002e-15,1263,1263,True
F06-AttractiveSector,12,-1,3189,0.0,0.0,2057,2057,True
F06-AttractiveSector,13,-1,2598,5.684341886080802e-14,5.684341886080802e-14,1977,1977,True
F06-AttractiveSector,14,-1,3014,7.105427357601002e-14,7.105427357601002e-14,2369,2369,True
F06-AttractiveSector,15,-1,2944,7.105427357601002e-15,7.105427357601002e-15,2034,2034,True
F06-AttractiveSector,16,-1,2303,2.1316282072803006e-14,2.1316282072803006e-14,1958,1958,True
F06-AttractiveSector,17,-1,2598,2.842170943040401e-14,2.842170943040401e-14,1891,1891,True
F06-AttractiveSector,18,-1,2859,2.842170943040401e-14,2.842170943040401e-14,1818,1818,True
F06-AttractiveSector,19,-1,2358,7.105427357601002e-15,7.105427357601002e-15,1809,1809,True
F07-StepEllipsoidal,0,-1,161,0.0,0.0,161,161,True
F07-StepEllipsoidal,1,-1,43,0.0,0.0,43,43,True
F07-StepEllipsoidal,2,-1,162,0.0,0.0,162,162,True
F07-StepEllipsoidal,3,-1,191,0.0,0.0,191,191,True
F07-StepEllipsoidal,4,-1,130,0.0,0.0,130,130,True
F07-StepEllipsoidal,5,-1,145,0.0,0.0,145,145,True
F07-StepEllipsoidal,6,-1,187,0.0,0.0,187,187,True
F07-StepEllipsoidal,7,-1,225,0.0,0.0,225,225,True
F07-StepEllipsoidal,8,-1,920,0.0,0.0,920,920,True
F07-StepEllipsoidal,9,-1,177,0.0,0.0,177,177,True
F07-StepEllipsoidal,10,-1,162,0.0,0.0,162,162,True
F07-StepEllipsoidal,11,-1,135,0.0,0.0,135,135,True
F07-StepEllipsoidal,12,-1,201,0.0,0.0,201,201,True
F07-StepEllipsoidal,13,-1,147,0.0,0.0,147,147,True
F07-StepEllipsoidal,14,-1,160,0.0,0.0,160,160,True
F07-StepEllipsoidal,15,-1,172,0.0,0.0,172,172,True
F07-StepEllipsoidal,16,-1,185,0.0,0.0,185,185,True
F07-StepEllipsoidal,17,-1,166,0.0,0.0,166,166,True
F07-StepEllipsoidal,18,-1,220,0.0,0.0,220,220,True
F07-StepEllipsoidal,19,-1,15,0.0,0.0,15,15,True
F08-Rosenbrock,0,-1,1494,0.0,0.0,907,907,True
F08-Rosenbrock,1,-1,1597,0.0,0.0,1341,1341,True
F08-Rosenbrock,2,-1,1274,0.0,0.0,742,742,True
F08-Rosenbrock,3,-1,1013,0.0,0.0,742,742,True
F08-Rosenbrock,4,-1,1170,0.0,0.0,961,961,True
F08-Rosenbrock,5,-1,1323,0.0,0.0,942,942,True
F08-Rosenbrock,6,-1,1783,0.0,0.0,1416,1416,True
F08-Rosenbrock,7,-1,1274,0.0,0.0,758,758,True
F08-Rosenbrock,8,-1,981,0.0,0.0,602,602,True
F08-Rosenbrock,9,-1,1123,0.0,0.0,794,794,True
F08-Rosenbrock,10,-1,1563,0.0,0.0,1307,1307,True
F08-Rosenbrock,11,-1,1344,0.0,0.0,782,782,True
F08-Rosenbrock,12,-1,1367,0.0,0.0,957,957,True
F08-Rosenbrock,13,-1,1187,0.0,0.0,818,818,True
F08-Rosenbrock,14,-1,1129,0.0,0.0,763,763,True
F08-Rosenbrock,15,-1,1453,0.0,0.0,1024,1024,True
F08-Rosenbrock,16,-1,1606,0.0,0.0,1336,1336,True
F08-Rosenbrock,17,-1,1188,0.0,0.0,732,732,True
F08-Rosenbrock,18,-1,1475,0.0,0.0,1002,1002,True
F08-Rosenbrock,19,-1,1304,0.0,0.0,843,843,True
F09-RosenbrockRot,0,-1,1353,0.0,0.0,1092,1092,True
F09-RosenbrockRot,1,-1,1283,0.0,0.0,768,768,True
F09-RosenbrockRot,2,-1,1194,0.0,0.0,732,732,True
F09-RosenbrockRot,3,-1,1289,0.0,0.0,878,878,True
F09-RosenbrockRot,4,-1,1348,0.0,0.0,954,954,True
F09-RosenbrockRot,5,-1,1126,0.0,0.0,747,747,True
F09-RosenbrockRot,6,-1,1244,0.0,0.0,934,934,True
F09-RosenbrockRot,7,-1,1242,0.0,0.0,807,807,True
F09-RosenbrockRot,8,-1,1328,0.0,0.0,802,802,True
F09-RosenbrockRot,9,-1,1199,0.0,0.0,803,803,True
F09-RosenbrockRot,10,-1,1201,0.0,0.0,812,812,True
F09-RosenbrockRot,11,-1,1193,0.0,0.0,712,712,True
F09-RosenbrockRot,12,-1,1591,0.0,0.0,1192,1192,True
F09-RosenbrockRot,13,-1,1158,0.0,0.0,837,837,True
F09-RosenbrockRot,14,-1,1203,0.0,0.0,923,923,True
F09-RosenbrockRot,15,-1,1319,0.0,0.0,893,893,True
F09-RosenbrockRot,16,-1,1398,0.0,0.0,902,902,True
F09-RosenbrockRot,17,-1,1092,0.0,0.0,821,821,True
F09-RosenbrockRot,18,-1,1302,0.0,0.0,952,952,True
F09-RosenbrockRot,19,-1,1434,0.0,0.0,1072,1072,True
F10-EllipsoidalRot,0,-1,1474,0.0,0.0,1049,1049,True
F10-EllipsoidalRot,1,-1,1619,0.0,0.0,1102,1102,True
F10-EllipsoidalRot,2,-1,1693,0.0,0.0,888,888,True
F10-EllipsoidalRot,3,-1,1404,0.0,0.0,941,941,True
F10-EllipsoidalRot,4,-1,1719,0.0,0.0,1168,1168,True
F10-EllipsoidalRot,5,-1,1534,0.0,0.0,1004,1004,True
F10-EllipsoidalRot,6,-1,1509,0.0,0.0,1038,1038,True
F10-EllipsoidalRot,7,-1,1253,0.0,0.0,975,975,True
F10-EllipsoidalRot,8,-1,1814,0.0,0.0,1254,1254,True
F10-EllipsoidalRot,9,-1,1443,0.0,0.0,1068,1068,True
F10-EllipsoidalRot,10,-1,1343,0.0,0.0,838,838,True
F10-EllipsoidalRot,11,-1,1489,0.0,0.0,918,918,True
F10-EllipsoidalRot,12,-1,1338,0.0,0.0,989,989,True
F10-EllipsoidalRot,13,-1,1414,0.0,0.0,974,974,True
F10-EllipsoidalRot,14,-1,1414,0.0,0.0,1182,1182,True
F10-EllipsoidalRot,15,-1,1719,0.0,0.0,1003,1003,True
F10-EllipsoidalRot,16,-1,1269,0.0,0.0,1031,1031,True
F10-EllipsoidalRot,17,-1,1558,0.0,0.0,1139,1139,True
F10-EllipsoidalRot,18,-1,1609,0.0,0.0,1123,1123,True
F10-EllipsoidalRot,19,-1,1552,0.0,0.0,1213,1213,True
F11-Discus,0,-1,1479,0.0,0.0,862,862,True
F11-Discus,1,-1,1658,0.0,0.0,1099,1099,True
F11-Discus,2,-1,1373,0.0,0.0,999,999,True
F11-Discus,3,-1,1413,0.0,0.0,984,984,True
F11-Discus,4,-1,1549,0.0,0.0,974,974,True
F11-Discus,5,-1,1418,0.0,0.0,1012,1012,True
F11-Discus,6,-1,1509,0.0,0.0,945,945,True
F11-Discus,7,-1,1599,0.0,0.0,1143,1143,True
F11-Discus,8,-1,1554,0.0,0.0,1053,1053,True
F11-Discus,9,-1,1304,0.0,0.0,888,888,True
F11-Discus,10,-1,1453,0.0,0.0,1004,1004,True
F11-Discus,11,-1,1529,0.0,0.0,962,962,True
F11-Discus,12,-1,1414,0.0,0.0,939,939,True
F11-Discus,13,-1,1278,0.0,0.0,947,947,True
F11-Discus,14,-1,1468,0.0,0.0,998,998,True
F11-Discus,15,-1,1449,0.0,0.0,1095,1095,True
F11-Discus,16,-1,1279,0.0,0.0,969,969,True
F11-Discus,17,-1,1543,0.0,0.0,1089,1089,True
F11-Discus,18,-1,1348,0.0,0.0,1103,1103,True
F11-Discus,19,-1,1573,0.0,0.0,1169,1169,True
F12-BentCigar,0,-1,1314,0.0,0.0,914,914,True
F12-BentCigar,1,-1,1384,0.0,0.0,988,988,True
F12-BentCigar,2,-1,1383,0.0,0.0,1065,1065,True
F12-BentCigar,3,-1,1503,0.0,0.0,1082,1082,True
F12-BentCigar,4,-1,1373,0.0,0.0,919,919,True
F12-BentCigar,5,-1,1208,0.0,0.0,832,832,True
F12-BentCigar,6,-1,1309,0.0,0.0,824,824,True
F12-BentCigar,7,-1,1348,0.0,0.0,964,964,True
F12-BentCigar,8,-1,1333,0.0,0.0,1024,1024,True
F12-BentCigar,9,-1,1454,0.0,0.0,909,909,True
F12-BentCigar,10,-1,1313,0.0,0.0,1044,1044,True
F12-BentCigar,11,-1,1233,0.0,0.0,953,953,True
F12-BentCigar,12,-1,1303,0.0,0.0,1058,1058,True
F12-BentCigar,13,-1,1060,0.0,0.0,971,971,True
F12-BentCigar,14,-1,1179,0.0,0.0,939,939,True
F12-BentCigar,15,-1,1330,0.0,0.0,1144,1144,True
F12-BentCigar,16,-1,1484,0.0,0.0,998,998,True
F12-BentCigar,17,-1,1269,0.0,0.0,868,868,True
F12-BentCigar,18,-1,1258,0.0,0.0,973,973,True
F12-BentCigar,19,-1,1413,0.0,0.0,1083,1083,True
F13-SharpRidge,0,-1,3739,0.0,0.0,1839,1839,True
F13-SharpRidge,1,-1,3099,0.0,0.0,1309,1309,True
F13-SharpRidge,2,-1,3373,0.0,0.0,1798,1798,True
F13-SharpRidge,3,-1,3278,0.0,0.0,1568,1568,True
F13-SharpRidge,4,-1,3703,0.0,0.0,1973,1973,True
F13-SharpRidge,5,-1,3493,0.0,0.0,1723,1723,True
F13-SharpRidge,6,-1,3724,0.0,0.0,1594,1594,True
F13-SharpRidge,7,-1,3309,0.0,0.0,1758,1758,True
F13-SharpRidge,8,-1,3339,0.0,0.0,1948,1948,True
F13-SharpRidge,9,-1,3294,0.0,0.0,1644,1644,True
F13-SharpRidge,10,-1,3963,0.0,0.0,1708,1708,True
F13-SharpRidge,11,-1,3279,0.0,0.0,1928,1928,True
F13-SharpRidge,12,-1,3524,0.0,0.0,1819,1819,True
F13-SharpRidge,13,-1,3094,0.0,0.0,1989,1989,True
F13-SharpRidge,14,-1,3248,0.0,0.0,1849,1849,True
F13-SharpRidge,15,-1,3528,0.0,0.0,1838,1838,True
F13-SharpRidge,16,-1,3024,0.0,0.0,1533,1533,True
F13-SharpRidge,17,-1,3189,0.0,0.0,1558,1558,True
F13-SharpRidge,18,-1,3353,0.0,0.0,1968,1968,True
F13-SharpRidge,19,-1,3364,0.0,0.0,2019,2019,True
F14-DiffPowers,0,-1,2198,0.0,0.0,958,958,True
F14-DiffPowers,1,-1,1949,0.0,0.0,1104,1104,True
F14-DiffPowers,2,-1,2258,0.0,0.0,1214,1214,True
F14-DiffPowers,3,-1,1944,0.0,0.0,1073,1073,True
F14-DiffPowers,4,-1,1738,0.0,0.0,993,993,True
F14-DiffPowers,5,-1,2033,0.0,0.0,1129,1129,True
F14-DiffPowers,6,-1,2349,0.0,0.0,999,999,True
F14-DiffPowers,7,-1,1883,0.0,0.0,839,839,True
F14-DiffPowers,8,-1,2044,0.0,0.0,1104,1104,True
F14-DiffPowers,9,-1,2129,0.0,0.0,1186,1186,True
F14-DiffPowers,10,-1,2364,0.0,0.0,1417,1417,True
F14-DiffPowers,11,-1,1739,0.0,0.0,947,947,True
F14-DiffPowers,12,-1,2384,0.0,0.0,1327,1327,True
F14-DiffPowers,13,-1,1983,0.0,0.0,1053,1053,True
F14-DiffPowers,14,-1,1863,0.0,0.0,1143,1143,True
F14-DiffPowers,15,-1,4814,1.6271428648906294e-12,1.6271428648906294e-12,1619,1619,True
F14-DiffPowers,16,-1,2074,0.0,0.0,943,943,True
F14-DiffPowers,17,-1,1829,0.0,0.0,928,928,True
F14-DiffPowers,18,-1,2089,0.0,0.0,968,968,True
F14-DiffPowers,19,-1,2309,0.0,0.0,1189,1189,True
F15-RastriginRot,0,-1,1733,0.0,0.0,1513,1513,True
F15-RastriginRot,1,-1,2282,0.0,0.0,1864,1864,True
F15-RastriginRot,2,-1,1623,0.0,0.0,1346,1346,True
F15-RastriginRot,3,-1,1263,0.0,0.0,897,897,True
F15-RastriginRot,4,-1,1169,0.0,0.0,982,982,True
F15-RastriginRot,5,-1,1763,0.0,0.0,1239,1239,True
F15-RastriginRot,6,-1,1129,0.0,0.0,882,882,True
F15-RastriginRot,7,-1,1288,0.0,0.0,946,946,True
F15-RastriginRot,8,-1,1856,0.0,0.0,1612,1612,True
F15-RastriginRot,9,-1,1747,0.0,0.0,1462,1462,True
F15-RastriginRot,10,-1,1792,0.0,0.0,1623,1623,True
F15-RastriginRot,11,-1,1118,0.0,0.0,888,888,True
F15-RastriginRot,12,-1,1528,0.0,0.0,1274,1274,True
F15-RastriginRot,13,-1,2377,0.0,0.0,2070,2070,True
F15-RastriginRot,14,-1,1343,0.0,0.0,754,754,True
F15-RastriginRot,15,-1,1263,0.0,0.0,802,802,True
F15-RastriginRot,16,-1,1158,0.0,0.0,919,919,True
F15-RastriginRot,17,-1,1578,0.0,0.0,1495,1495,True
F15-RastriginRot,18,-1,2482,0.0,0.0,2167,2167,True
F15-RastriginRot,19,-1,2437,0.0,0.0,2125,2125,True
F16-Weierstrass,0,-1,974,0.0,0.0,748,748,True
F16-Weierstrass,1,-1,1810,0.0,0.0,1752,1752,True
F16-Weierstrass,2,-1,959,0.0,0.0,898,898,True
F16-Weierstrass,3,-1,1164,0.0,0.0,1021,1021,True
F16-Weierstrass,4,-1,741,0.0,0.0,728,728,True
F16-Weierstrass,5,-1,1024,0.0,0.0,918,918,True
F16-Weierstrass,6,-1,894,0.0,0.0,788,788,True
F16-Weierstrass,7,-1,1087,0.0,0.0,929,929,True
F16-Weierstrass,8,-1,833,0.0,0.0,769,769,True
F16-Weierstrass,9,-1,1035,0.0,0.0,894,894,True
F16-Weierstrass,10,-1,1277,0.0,0.0,1144,1144,True
F16-Weierstrass,11,-1,993,0.0,0.0,948,948,True
F16-Weierstrass,12,-1,923,0.0,0.0,734,734,True
F16-Weierstrass,13,-1,984,0.0,0.0,798,798,True
F16-Weierstrass,14,-1,904,0.0,0.0,797,797,True
F16-Weierstrass,15,-1,1218,0.0,0.0,1012,1012,True
F16-Weierstrass,16,-1,888,0.0,0.0,798,798,True
F16-Weierstrass,17,-1,1108,0.0,0.0,877,877,True
F16-Weierstrass,18,-1,1022,0.0,0.0,803,803,True
F16-Weierstrass,19,-1,2293,0.0,0.0,2141,2141,True
F17-SchafferF7,0,-1,2348,3.552713678800501e-15,3.552713678800501e-15,1674,1674,True
F17-SchafferF7,1,-1,990,2.8777666198465113e-05,2.8777666198465113e-05,-1,-1,True
F17-SchafferF7,2,-1,918,2.87776661949124e-05,2.87776661949124e-05,-1,-1,True
F17-SchafferF7,3,-1,2494,3.552713678800501e-15,3.552713678800501e-15,1848,1848,True
F17-SchafferF7,4,-1,1143,2.8777732861584582e-05,2.8777732861584582e-05,-1,-1,True
F17-SchafferF7,5,-1,2963,4.92034146759579e-09,4.92034146759579e-09,-1,-1,True
F17-SchafferF7,6,-1,2359,3.552713678800501e-15,3.552713678800501e-15,1629,1629,True
F17-SchafferF7,7,-1,2378,3.552713678800501e-15,3.552713678800501e-15,1699,1699,True
F17-SchafferF7,8,-1,2484,1.2434497875801753e-13,1.2434497875801753e-13,1764,1764,True
F17-SchafferF7,9,-1,4995,2.1724844145865063e-11,2.1724844145865063e-11,4790,4790,True
F17-SchafferF7,10,-1,2234,7.765876830490015e-11,7.765876830490015e-11,1644,1644,True
F17-SchafferF7,11,-1,4985,1.823038620329953e-05,1.823038620329953e-05,-1,-1,True
F17-SchafferF7,12,-1,2569,4.391154106997419e-12,4.391154106997419e-12,1633,1633,True
F17-SchafferF7,13,-1,2928,2.902424967032857e-10,2.902424967032857e-10,-1,-1,True
F17-SchafferF7,14,-1,3013,9.312373094871873e-11,9.312373094871873e-11,2119,2119,True
F17-SchafferF7,15,-1,2203,3.552713678800501e-15,3.552713678800501e-15,1503,1503,True
F17-SchafferF7,16,-1,2584,3.410605131648481e-13,3.410605131648481e-13,1654,1654,True
F17-SchafferF7,17,-1,2878,1.7434892640721955e-08,1.7434892640721955e-08,-1,-1,True
F17-SchafferF7,18,-1,2318,3.552713678800501e-15,3.552713678800501e-15,1564,1564,True
F17-SchafferF7,19,-1,4924,1.6727597085264279e-10,1.6727597085264279e-10,-1,-1,True
F18-SchafferF7ill,0,-1,2598,3.552713678800501e-15,3.552713678800501e-15,1898,1898,True
F18-SchafferF7ill,1,-1,2358,3.552713678800501e-15,3.552713678800501e-15,1668,1668,True
F18-SchafferF7ill,2,-1,3318,3.552713678800501e-15,3.552713678800501e-15,2064,2064,True
F18-SchafferF7ill,3,-1,1937,0.00022948675667677776,0.00022948675667677776,-1,-1,True
F18-SchafferF7ill,4,-1,3118,3.552713678800501e-15,3.552713678800501e-15,2488,2488,True
F18-SchafferF7ill,5,-1,3274,3.552713678800501e-15,3.552713678800501e-15,2154,2154,True
F18-SchafferF7ill,6,-1,3308,3.552713678800501e-15,3.552713678800501e-15,2193,2193,True
F18-SchafferF7ill,7,-1,2583,8.419931418757187e-13,8.419931418757187e-13,1618,1618,True
F18-SchafferF7ill,8,-1,2673,9.308109838457312e-13,9.308109838457312e-13,1753,1753,True
F18-SchafferF7ill,9,-1,2483,3.552713678800501e-15,3.552713678800501e-15,1778,1778,True
F18-SchafferF7ill,10,-1,4023,3.552713678800501e-15,3.552713678800501e-15,2563,2563,True
F18-SchafferF7ill,11,-1,4018,3.552713678800501e-15,3.552713678800501e-15,2258,2258,True
F18-SchafferF7ill,12,-1,2334,3.552713678800501e-15,3.552713678800501e-15,1588,1588,True
F18-SchafferF7ill,13,-1,4342,3.552713678800501e-15,3.552713678800501e-15,2793,2793,True
F18-SchafferF7ill,14,-1,2188,3.552713678800501e-15,3.552713678800501e-15,1628,1628,True
F18-SchafferF7ill,15,-1,2688,7.006661917330348e-11,7.006661917330348e-11,1894,1894,True
F18-SchafferF7ill,16,-1,3768,3.552713678800501e-15,3.552713678800501e-15,2713,2713,True
F18-SchafferF7ill,17,-1,2578,2.1316282072803006e-14,2.1316282072803006e-14,1744,1744,True
F18-SchafferF7ill,18,-1,3438,3.552713678800501e-15,3.552713678800501e-15,2093,2093,True
F18-SchafferF7ill,19,-1,1321,2.861219103778012e-05,2.861219103778012e-05,-1,-1,True
F19-GriewankRosenbrock,0,-1,1897,0.0,0.0,1595,1595,True
F19-GriewankRosenbrock,1,-1,2614,0.0,0.0,2164,2164,True
F19-GriewankRosenbrock,2,-1,1644,0.0,0.0,1316,1316,True
F19-GriewankRosenbrock,3,-1,1304,0.0,0.0,1046,1046,True
F19-GriewankRosenbrock,4,-1,1294,0.0,0.0,863,863,True
F19-GriewankRosenbrock,5,-1,1940,0.0,0.0,1620,1620,True
F19-GriewankRosenbrock,6,-1,978,0.0,0.0,707,707,True
F19-GriewankRosenbrock,7,-1,1288,0.0,0.0,937,937,True
F19-GriewankRosenbrock,8,-1,1272,0.0,0.0,927,927,True
F19-GriewankRosenbrock,9,-1,1104,0.0,0.0,777,777,True
F19-GriewankRosenbrock,10,-1,3431,0.0,0.0,3020,3020,True
F19-GriewankRosenbrock,11,-1,2370,0.0,0.0,2022,2022,True
F19-GriewankRosenbrock,12,-1,1944,0.0,0.0,1667,1667,True
F19-GriewankRosenbrock,13,-1,1174,0.0,0.0,761,761,True
F19-GriewankRosenbrock,14,-1,1854,0.0,0.0,1497,1497,True
F19-GriewankRosenbrock,15,-1,1317,0.0,0.0,907,907,True
F19-GriewankRosenbrock,16,-1,2175,0.0,0.0,1771,1771,True
F19-GriewankRosenbrock,17,-1,2025,0.0,0.0,1770,1770,True
F19-GriewankRosenbrock,18,-1,1151,0.0,0.0,696,696,True
F19-GriewankRosenbrock,19,-1,1296,0.0,0.0,921,921,True
F20-Schwefel,0,-1,2399,0.0,0.0,2230,2230,True
F20-Schwefel,1,-1,1061,0.0,0.0,912,912,True
F20-Schwefel,2,-1,1183,0.0,0.0,914,914,True
F20-Schwefel,3,-1,1527,0.0,0.0,1237,1237,True
F20-Schwefel,4,-1,2861,0.0,0.0,2634,2634,True
F20-Schwefel,5,-1,3157,0.0,0.0,3016,3016,True
F20-Schwefel,6,-1,2521,0.0,0.0,2030,2030,True
F20-Schwefel,7,-1,4380,0.0,0.0,4175,4175,True
F20-Schwefel,8,-1,1113,0.0,0.0,792,792,True
F20-Schwefel,9,-1,4467,0.0,0.0,4277,4277,True
F20-Schwefel,10,-1,2591,0.0,0.0,2294,2294,True
F20-Schwefel,11,-1,2942,0.0,0.0,2624,2624,True
F20-Schwefel,12,-1,3939,0.0,0.0,3689,3689,True
F20-Schwefel,13,-1,3573,0.0,0.0,3159,3159,True
F20-Schwefel,14,-1,582,0.5921916850188609,0.5921916850188609,-1,-1,True
F20-Schwefel,15,-1,1473,0.0,0.0,1219,1219,True
F20-Schwefel,16,-1,1154,0.0,0.0,948,948,True
F20-Schwefel,17,-1,1244,0.0,0.0,933,933,True
F20-Schwefel,18,-1,3361,0.0,0.0,3056,3056,True
F20-Schwefel,19,-1,3377,0.0,0.0,3184,3184,True
F21-Gallagher101,0,-1,773,0.0,0.0,766,766,True
F21-Gallagher101,1,-1,887,0.0,0.0,712,712,True
F21-Gallagher101,2,-1,1116,0.0,0.0,951,951,True
F21-Gallagher101,3,-1,581,0.0,0.0,342,342,True
F21-Gallagher101,4,-1,511,0.0,0.0,376,376,True
F21-Gallagher101,5,-1,617,0.0,0.0,302,302,True
F21-Gallagher101,6,-1,456,0.0,0.0,302,302,True
F21-Gallagher101,7,-1,402,0.0,0.0,242,242,True
F21-Gallagher101,8,-1,1426,0.0,0.0,1295,1295,True
F21-Gallagher101,9,-1,547,0.0,0.0,387,387,True
F21-Gallagher101,10,-1,576,0.0,0.0,411,411,True
F21-Gallagher101,11,-1,602,0.0,0.0,386,386,True
F21-Gallagher101,12,-1,481,0.0,0.0,371,371,True
F21-Gallagher101,13,-1,516,0.0,0.0,316,316,True
F21-Gallagher101,14,-1,1759,0.0,0.0,1604,1604,True
F21-Gallagher101,15,-1,546,0.0,0.0,317,317,True
F21-Gallagher101,16,-1,476,0.0,0.0,352,352,True
F21-Gallagher101,17,-1,546,0.0,0.0,236,236,True
F21-Gallagher101,18,-1,517,0.0,0.0,356,356,True
F21-Gallagher101,19,-1,487,0.0,0.0,351,351,True
F22-Gallagher21,0,-1,557,0.0,0.0,377,377,True
F22-Gallagher21,1,-1,392,0.0,0.0,342,342,True
F22-Gallagher21,2,-1,572,0.0,0.0,472,472,True
F22-Gallagher21,3,-1,633,0.0,0.0,486,486,True
F22-Gallagher21,4,-1,491,0.0,0.0,387,387,True
F22-Gallagher21,5,-1,457,0.0,0.0,296,296,True
F22-Gallagher21,6,-1,521,0.0,0.0,432,432,True
F22-Gallagher21,7,-1,527,0.0,0.0,352,352,True
F22-Gallagher21,8,-1,477,0.0,0.0,302,302,True
F22-Gallagher21,9,-1,466,0.0,0.0,401,401,True
F22-Gallagher21,10,-1,432,0.0,0.0,327,327,True
F22-Gallagher21,11,-1,556,0.0,0.0,377,377,True
F22-Gallagher21,12,-1,522,0.0,0.0,387,387,True
F22-Gallagher21,13,-1,476,0.0,0.0,371,371,True
F22-Gallagher21,14,-1,487,0.0,0.0,376,376,True
F22-Gallagher21,15,-1,507,0.0,0.0,377,377,True
F22-Gallagher21,16,-1,447,0.0,0.0,311,311,True
F22-Gallagher21,17,-1,637,0.0,0.0,542,542,True
F22-Gallagher21,18,-1,462,0.0,0.0,376,376,True
F22-Gallagher21,19,-1,437,0.0,0.0,346,346,True
F23-Katsuura,0,-1,2483,0.0,0.0,2018,2018,True
F23-Katsuura,1,-1,2294,3.3378377484183375e-07,3.3378377484183375e-07,-1,-1,True
F23-Katsuura,2,-1,2248,0.0,0.0,1944,1944,True
F23-Katsuura,3,-1,2532,1.6786064982454718e-07,1.6786064982454718e-07,-1,-1,True
F23-Katsuura,4,-1,3294,0.0,0.0,2793,2793,True
F23-Katsuura,5,-1,1269,3.763925878530472e-06,3.763925878530472e-06,-1,-1,True
F23-Katsuura,6,-1,2203,6.181721801112872e-13,6.181721801112872e-13,1868,1868,True
F23-Katsuura,7,-1,2379,0.0,0.0,2068,2068,True
F23-Katsuura,8,-1,2588,0.0,0.0,2334,2334,True
F23-Katsuura,9,-1,2539,1.2372325386422744e-12,1.2372325386422744e-12,2238,2238,True
F23-Katsuura,10,-1,2600,0.44407462275543885,0.44407462275543885,-1,-1,True
F23-Katsuura,11,-1,3403,0.0,0.0,3018,3018,True
F23-Katsuura,12,-1,2493,1.1599610161283636e-12,1.1599610161283636e-12,2178,2178,True
F23-Katsuura,13,-1,2628,0.0,0.0,2283,2283,True
F23-Katsuura,14,-1,2557,9.272582701669307e-13,9.272582701669307e-13,2112,2112,True
F23-Katsuura,15,-1,3033,5.567102334680385e-12,5.567102334680385e-12,2594,2594,True
F23-Katsuura,16,-1,2302,5.646536189729545e-07,5.646536189729545e-07,-1,-1,True
F23-Katsuura,17,-1,2338,0.0,0.0,2108,2108,True
F23-Katsuura,18,-1,3427,0.0,0.0,3137,3137,True
F23-Katsuura,19,-1,2268,0.0,0.0,2039,2039,True
F24-LunacekRastrigin,0,-1,765,2.008462759420823,2.008462759420823,-1,-1,True
F24-LunacekRastrigin,1,-1,1424,2.010492845320769,2.010492845320769,-1,-1,True
F24-LunacekRastrigin,2,-1,606,2.059419139364323,2.059419139364323,-1,-1,True
F24-LunacekRastrigin,3,-1,4134,0.09293289159823814,0.09293289159823814,-1,-1,True
F24-LunacekRastrigin,4,-1,2494,0.09290514312802145,0.09290514312802145,-1,-1,True
F24-LunacekRastrigin,5,-1,1250,2.01150139705652,2.01150139705652,-1,-1,True
F24-LunacekRastrigin,6,-1,3577,0.7782193167413141,0.7782193167413141,-1,-1,True
F24-LunacekRastrigin,7,-1,4628,0.09335540836720213,0.09335540836720213,-1,-1,True
F24-LunacekRastrigin,8,-1,1976,0.023226285763982446,0.023226285763982446,-1,-1,True
F24-LunacekRastrigin,9,-1,2186,0.023226285286156667,0.023226285286156667,-1,-1,True
F24-LunacekRastrigin,10,-1,1041,2.008527724541537,2.008527724541537,-1,-1,True
F24-LunacekRastrigin,11,-1,1701,0.02322632501186206,0.02322632501186206,-1,-1,True
F24-LunacekRastrigin,12,-1,4350,1.9565502022707904,1.9565502022707904,-1,-1,True
F24-LunacekRastrigin,13,-1,4334,0.023226300008346357,0.023226300008346357,-1,-1,True
F24-LunacekRastrigin,14,-1,627,2.0815584642446794,2.0815584642446794,-1,-1,True
F24-LunacekRastrigin,15,-1,1694,2.0135479362137545,2.0135479362137545,-1,-1,True
F24-LunacekRastrigin,16,-1,1783,2.0106307973342723,2.0106307973342723,-1,-1,True
F24-LunacekRastrigin,17,-1,2992,0.6211550953713356,0.6211550953713356,-1,-1,True
F24-LunacekRastrigin,18,-1,3800,0.6542840660972473,0.6542840660972473,-1,-1,True
F24-LunacekRastrigin,19,-1,757,2.010492861733013,2.010492861733013,-1,-1,True
