function,method,seed,evals,n_optima,n_reported,pr_1e-1,pr_1e-2,pr_1e-3,pr_1e-4,pr_1e-5
N04-Himmelblau,MC-ESO,0,5000,4,30,1.0000,0.7500,0.7500,0.7500,0.7500
N04-Himmelblau,MC-ESO,1,5000,4,29,0.7500,0.7500,0.7500,0.5000,0.5000
N04-Himmelblau,MC-ESO,2,5000,4,31,1.0000,1.0000,1.0000,1.0000,1.0000
N04-Himmelblau,MC-ESO-crowd,0,5000,4,32,1.0000,0.2500,0.2500,0.0000,0.0000
N04-Himmelblau,MC-ESO-crowd,1,5000,4,33,1.0000,1.0000,0.2500,0.2500,0.2500
N04-Himmelblau,MC-ESO-crowd,2,5000,4,36,1.0000,0.7500,0.2500,0.2500,0.0000
N04-Himmelblau,NCDE,0,5000,4,30,1.0000,0.7500,0.7500,0.7500,0.7500
N04-Himmelblau,NCDE,1,5000,4,30,1.0000,1.0000,0.5000,0.5000,0.5000
N04-Himmelblau,NCDE,2,5000,4,30,1.0000,0.7500,0.7500,0.7500,0.7500
N04-Himmelblau,r3pso,0,5000,4,30,1.0000,0.7500,0.7500,0.7500,0.5000
N04-Himmelblau,r3pso,1,5000,4,30,1.0000,0.7500,0.7500,0.7500,0.7500
N04-Himmelblau,r3pso,2,5000,4,30,0.7500,0.7500,0.7500,0.7500,0.7500
N04-Himmelblau,DE,0,5000,4,30,0.2500,0.2500,0.2500,0.2500,0.2500
N04-Himmelblau,DE,1,5000,4,30,0.2500,0.2500,0.2500,0.2500,0.2500
N04-Himmelblau,DE,2,5000,4,30,0.2500,0.2500,0.2500,0.2500,0.2500
N04-Himmelblau,NM-Restart,0,5000,4,26,1.0000,1.0000,1.0000,1.0000,1.0000
N04-Himmelblau,NM-Restart,1,5000,4,26,1.0000,1.0000,1.0000,1.0000,1.0000
N04-Himmelblau,NM-Restart,2,5000,4,25,1.0000,1.0000,1.0000,1.0000,1.0000
N04-Himmelblau,NMMSO,0,5000,4,4,1.0000,1.0000,1.0000,1.0000,1.0000
N04-Himmelblau,NMMSO,1,5000,4,4,1.0000,1.0000,1.0000,1.0000,1.0000
N04-Himmelblau,NMMSO,2,5000,4,4,1.0000,1.0000,1.0000,1.0000,1.0000
N05-SixHumpCamel,MC-ESO,0,5000,2,27,1.0000,1.0000,1.0000,1.0000,1.0000
N05-SixHumpCamel,MC-ESO,1,5000,2,31,1.0000,1.0000,1.0000,1.0000,1.0000
N05-SixHumpCamel,MC-ESO,2,5000,2,29,1.0000,1.0000,1.0000,1.0000,1.0000
N05-SixHumpCamel,MC-ESO-crowd,0,5000,2,34,1.0000,1.0000,1.0000,0.5000,0.5000
N05-SixHumpCamel,MC-ESO-crowd,1,5000,2,30,1.0000,1.0000,1.0000,0.5000,0.5000
N05-SixHumpCamel,MC-ESO-crowd,2,5000,2,29,1.0000,1.0000,1.0000,0.5000,0.5000
N05-SixHumpCamel,NCDE,0,5000,2,30,1.0000,1.0000,1.0000,1.0000,1.0000
N05-SixHumpCamel,NCDE,1,5000,2,30,1.0000,1.0000,1.0000,1.0000,1.0000
N05-SixHumpCamel,NCDE,2,5000,2,30,1.0000,1.0000,1.0000,1.0000,1.0000
N05-SixHumpCamel,r3pso,0,5000,2,30,1.0000,1.0000,1.0000,1.0000,1.0000
N05-SixHumpCamel,r3pso,1,5000,2,30,1.0000,1.0000,1.0000,1.0000,1.0000
N05-SixHumpCamel,r3pso,2,5000,2,30,1.0000,1.0000,1.0000,1.0000,1.0000
N05-SixHumpCamel,DE,0,5000,2,30,0.5000,0.5000,0.5000,0.5000,0.5000
N05-SixHumpCamel,DE,1,5000,2,30,0.5000,0.5000,0.5000,0.5000,0.5000
N05-SixHumpCamel,DE,2,5000,2,30,0.5000,0.5000,0.5000,0.5000,0.5000
N05-SixHumpCamel,NM-Restart,0,5000,2,27,1.0000,1.0000,1.0000,1.0000,1.0000
N05-SixHumpCamel,NM-Restart,1,5000,2,26,1.0000,1.0000,1.0000,1.0000,1.0000
N05-SixHumpCamel,NM-Restart,2,5000,2,26,1.0000,1.0000,1.0000,1.0000,1.0000
N05-SixHumpCamel,NMMSO,0,5000,2,4,1.0000,1.0000,1.0000,1.0000,1.0000
N05-SixHumpCamel,NMMSO,1,5000,2,5,1.0000,1.0000,1.0000,1.0000,1.0000
N05-SixHumpCamel,NMMSO,2,5000,2,4,1.0000,1.0000,1.0000,1.0000,1.0000
N06-Shubert2D,MC-ESO,0,20000,18,56,0.7778,0.7778,0.7778,0.7778,0.1111
N06-Shubert2D,MC-ESO,1,20000,18,55,0.7778,0.7778,0.7778,0.7778,0.2222
N06-Shubert2D,MC-ESO,2,20000,18,56,0.8333,0.8333,0.8333,0.6111,0.1111
N06-Shubert2D,MC-ESO-crowd,0,20000,18,58,0.5556,0.5000,0.2778,0.1667,0.0556
N06-Shubert2D,MC-ESO-crowd,1,20000,18,51,0.8333,0.6667,0.5556,0.4444,0.0556
N06-Shubert2D,MC-ESO-crowd,2,20000,18,52,0.7222,0.5000,0.5000,0.3333,0.1667
N06-Shubert2D,NCDE,0,20000,18,30,0.1667,0.0556,0.0000,0.0000,0.0000
N06-Shubert2D,NCDE,1,20000,18,30,0.2778,0.0000,0.0000,0.0000,0.0000
N06-Shubert2D,NCDE,2,20000,18,30,0.0556,0.0556,0.0000,0.0000,0.0000
N06-Shubert2D,r3pso,0,20000,18,30,0.3889,0.3333,0.3333,0.3333,0.3333
N06-Shubert2D,r3pso,1,20000,18,30,0.3333,0.2778,0.2778,0.2778,0.2778
N06-Shubert2D,r3pso,2,20000,18,30,0.3333,0.2778,0.2778,0.2778,0.2778
N06-Shubert2D,DE,0,20000,18,30,0.0556,0.0556,0.0556,0.0556,0.0556
N06-Shubert2D,DE,1,20000,18,30,0.0556,0.0556,0.0556,0.0556,0.0556
N06-Shubert2D,DE,2,20000,18,30,0.0556,0.0556,0.0556,0.0556,0.0556
N06-Shubert2D,NM-Restart,0,20000,18,1,0.0000,0.0000,0.0000,0.0000,0.0000
N06-Shubert2D,NM-Restart,1,20000,18,1,0.0000,0.0000,0.0000,0.0000,0.0000
N06-Shubert2D,NM-Restart,2,20000,18,1,0.0000,0.0000,0.0000,0.0000,0.0000
N06-Shubert2D,NMMSO,0,20000,18,55,0.8333,0.8333,0.7778,0.7778,0.7778
N06-Shubert2D,NMMSO,1,20000,18,75,0.7222,0.7222,0.6667,0.6667,0.3889
N06-Shubert2D,NMMSO,2,20000,18,68,0.9444,0.8889,0.8333,0.8333,0.8333
N07-Vincent2D,MC-ESO,0,20000,36,63,0.1944,0.1944,0.1944,0.1944,0.1944
N07-Vincent2D,MC-ESO,1,20000,36,61,0.1667,0.1667,0.1667,0.1667,0.1667
N07-Vincent2D,MC-ESO,2,20000,36,60,0.2222,0.2222,0.2222,0.2222,0.2222
N07-Vincent2D,MC-ESO-crowd,0,20000,36,76,0.3333,0.2500,0.1667,0.1389,0.0278
N07-Vincent2D,MC-ESO-crowd,1,20000,36,83,0.3611,0.1667,0.1667,0.1667,0.1111
N07-Vincent2D,MC-ESO-crowd,2,20000,36,82,0.1944,0.1667,0.1667,0.1667,0.0833
N07-Vincent2D,NCDE,0,20000,36,30,0.4167,0.3611,0.3611,0.3056,0.1389
N07-Vincent2D,NCDE,1,20000,36,30,0.4167,0.3889,0.3889,0.3333,0.1667
N07-Vincent2D,NCDE,2,20000,36,30,0.4444,0.4167,0.4167,0.3889,0.3611
N07-Vincent2D,r3pso,0,20000,36,30,0.1389,0.1389,0.1389,0.1111,0.1111
N07-Vincent2D,r3pso,1,20000,36,30,0.1389,0.1389,0.1389,0.1111,0.1111
N07-Vincent2D,r3pso,2,20000,36,30,0.1389,0.1389,0.1389,0.1389,0.1389
N07-Vincent2D,DE,0,20000,36,30,0.0278,0.0278,0.0278,0.0278,0.0278
N07-Vincent2D,DE,1,20000,36,30,0.0278,0.0278,0.0278,0.0278,0.0278
N07-Vincent2D,DE,2,20000,36,30,0.0278,0.0278,0.0278,0.0278,0.0278
N07-Vincent2D,NM-Restart,0,20000,36,100,0.5556,0.5556,0.5556,0.5556,0.5556
N07-Vincent2D,NM-Restart,1,20000,36,100,0.5278,0.5278,0.5278,0.5278,0.5278
N07-Vincent2D,NM-Restart,2,20000,36,100,0.5833,0.5833,0.5833,0.5833,0.5833
N07-Vincent2D,NMMSO,0,20000,36,36,1.0000,1.0000,1.0000,1.0000,1.0000
N07-Vincent2D,NMMSO,1,20000,36,36,1.0000,1.0000,1.0000,1.0000,1.0000
N07-Vincent2D,NMMSO,2,20000,36,33,0.9167,0.9167,0.9167,0.9167,0.9167
N08-Shubert3D,MC-ESO,0,40000,81,80,0.3333,0.3086,0.0864,0.0123,0.0123
N08-Shubert3D,MC-ESO,1,40000,81,78,0.3086,0.2840,0.0864,0.0123,0.0123
N08-Shubert3D,MC-ESO,2,40000,81,79,0.3580,0.3580,0.1605,0.0123,0.0123
N08-Shubert3D,MC-ESO-crowd,0,40000,81,77,0.3086,0.2469,0.0494,0.0123,0.0123
N08-Shubert3D,MC-ESO-crowd,1,40000,81,76,0.2346,0.2099,0.0123,0.0123,0.0123
N08-Shubert3D,MC-ESO-crowd,2,40000,81,76,0.2346,0.1975,0.0494,0.0247,0.0247
N08-Shubert3D,NCDE,0,40000,81,30,0.3086,0.3086,0.3086,0.2469,0.0247
N08-Shubert3D,NCDE,1,40000,81,30,0.1358,0.0494,0.0247,0.0000,0.0000
N08-Shubert3D,NCDE,2,40000,81,30,0.3210,0.3210,0.3210,0.3210,0.3210
N08-Shubert3D,r3pso,0,40000,81,30,0.0494,0.0494,0.0494,0.0494,0.0494
N08-Shubert3D,r3pso,1,40000,81,30,0.0617,0.0617,0.0617,0.0617,0.0617
N08-Shubert3D,r3pso,2,40000,81,30,0.0617,0.0617,0.0617,0.0617,0.0617
N08-Shubert3D,DE,0,40000,81,30,0.0123,0.0123,0.0123,0.0123,0.0123
N08-Shubert3D,DE,1,40000,81,30,0.0123,0.0123,0.0123,0.0123,0.0123
N08-Shubert3D,DE,2,40000,81,30,0.0123,0.0123,0.0123,0.0123,0.0123
N08-Shubert3D,NM-Restart,0,40000,81,2,0.0000,0.0000,0.0000,0.0000,0.0000
N08-Shubert3D,NM-Restart,1,40000,81,16,0.0000,0.0000,0.0000,0.0000,0.0000
N08-Shubert3D,NM-Restart,2,40000,81,3,0.0000,0.0000,0.0000,0.0000,0.0000
N08-Shubert3D,NMMSO,0,40000,81,162,0.2099,0.1605,0.0864,0.0494,0.0123
N08-Shubert3D,NMMSO,1,40000,81,162,0.1728,0.1111,0.0741,0.0494,0.0247
N08-Shubert3D,NMMSO,2,40000,81,140,0.2469,0.1975,0.1235,0.0864,0.0617
N09-Vincent3D,MC-ESO,0,40000,216,87,0.1204,0.1204,0.1204,0.1157,0.1111
N09-Vincent3D,MC-ESO,1,40000,216,90,0.1435,0.1019,0.1019,0.0880,0.0833
N09-Vincent3D,MC-ESO,2,40000,216,86,0.1111,0.1111,0.1065,0.1019,0.0972
N09-Vincent3D,MC-ESO-crowd,0,40000,216,66,0.1065,0.0787,0.0509,0.0324,0.0046
N09-Vincent3D,MC-ESO-crowd,1,40000,216,80,0.0694,0.0648,0.0463,0.0278,0.0093
N09-Vincent3D,MC-ESO-crowd,2,40000,216,72,0.0926,0.0787,0.0556,0.0324,0.0046
N09-Vincent3D,NCDE,0,40000,216,30,0.1157,0.1157,0.1157,0.1111,0.1111
N09-Vincent3D,NCDE,1,40000,216,30,0.0972,0.0972,0.0972,0.0972,0.0972
N09-Vincent3D,NCDE,2,40000,216,30,0.1157,0.1111,0.1111,0.0972,0.0833
N09-Vincent3D,r3pso,0,40000,216,30,0.0324,0.0324,0.0278,0.0231,0.0231
N09-Vincent3D,r3pso,1,40000,216,30,0.0185,0.0185,0.0185,0.0185,0.0185
N09-Vincent3D,r3pso,2,40000,216,30,0.0278,0.0278,0.0278,0.0231,0.0231
N09-Vincent3D,DE,0,40000,216,30,0.0046,0.0046,0.0046,0.0046,0.0046
N09-Vincent3D,DE,1,40000,216,30,0.0046,0.0046,0.0046,0.0046,0.0046
N09-Vincent3D,DE,2,40000,216,30,0.0046,0.0046,0.0046,0.0046,0.0046
N09-Vincent3D,NM-Restart,0,40000,216,141,0.2407,0.2407,0.2407,0.2407,0.2407
N09-Vincent3D,NM-Restart,1,40000,216,142,0.2454,0.2454,0.2454,0.2454,0.2454
N09-Vincent3D,NM-Restart,2,40000,216,143,0.2546,0.2546,0.2546,0.2546,0.2546
N09-Vincent3D,NMMSO,0,40000,216,107,0.4861,0.4861,0.4861,0.4769,0.4676
N09-Vincent3D,NMMSO,1,40000,216,115,0.5278,0.5093,0.5093,0.5000,0.4815
N09-Vincent3D,NMMSO,2,40000,216,108,0.4954,0.4907,0.4907,0.4769,0.4630
N10-ModRastrigin2D,MC-ESO,0,20000,12,57,1.0000,1.0000,1.0000,1.0000,1.0000
N10-ModRastrigin2D,MC-ESO,1,20000,12,58,1.0000,1.0000,1.0000,1.0000,1.0000
N10-ModRastrigin2D,MC-ESO,2,20000,12,59,0.9167,0.9167,0.9167,0.9167,0.9167
N10-ModRastrigin2D,MC-ESO-crowd,0,20000,12,83,0.5000,0.5000,0.3333,0.0833,0.0833
N10-ModRastrigin2D,MC-ESO-crowd,1,20000,12,85,0.5000,0.5000,0.2500,0.0833,0.0833
N10-ModRastrigin2D,MC-ESO-crowd,2,20000,12,63,0.5833,0.5000,0.5000,0.5000,0.3333
N10-ModRastrigin2D,NCDE,0,20000,12,30,1.0000,1.0000,1.0000,1.0000,1.0000
N10-ModRastrigin2D,NCDE,1,20000,12,30,1.0000,1.0000,1.0000,1.0000,0.8333
N10-ModRastrigin2D,NCDE,2,20000,12,30,1.0000,1.0000,1.0000,1.0000,1.0000
N10-ModRastrigin2D,r3pso,0,20000,12,30,0.6667,0.6667,0.6667,0.5833,0.5833
N10-ModRastrigin2D,r3pso,1,20000,12,30,0.4167,0.4167,0.3333,0.3333,0.3333
N10-ModRastrigin2D,r3pso,2,20000,12,30,0.5000,0.5000,0.4167,0.4167,0.4167
N10-ModRastrigin2D,DE,0,20000,12,30,0.0833,0.0833,0.0833,0.0833,0.0833
N10-ModRastrigin2D,DE,1,20000,12,30,0.0833,0.0833,0.0833,0.0833,0.0833
N10-ModRastrigin2D,DE,2,20000,12,30,0.0833,0.0833,0.0833,0.0833,0.0833
N10-ModRastrigin2D,NM-Restart,0,20000,12,100,1.0000,1.0000,1.0000,1.0000,1.0000
N10-ModRastrigin2D,NM-Restart,1,20000,12,100,1.0000,1.0000,1.0000,1.0000,1.0000
N10-ModRastrigin2D,NM-Restart,2,20000,12,100,1.0000,1.0000,1.0000,1.0000,1.0000
N10-ModRastrigin2D,NMMSO,0,20000,12,13,1.0000,1.0000,1.0000,1.0000,1.0000
N10-ModRastrigin2D,NMMSO,1,20000,12,12,1.0000,1.0000,1.0000,1.0000,1.0000
N10-ModRastrigin2D,NMMSO,2,20000,12,12,1.0000,1.0000,1.0000,1.0000,1.0000
